{
  "nuring_full": {
    "n": 16.0,
    "dice": 0.7796839650542555,
    "iou": 0.6568311457298134,
    "aji": 0.42235399322982015,
    "pq": 0.3198831394343322,
    "boundary_f1": 0.27371612090418374,
    "nucleus_containment": 0.9969323032829936,
    "neighbor_leakage": 0.004771441904411127
  },
  "ablate_mask_only": {
    "n": 16.0,
    "dice": 0.885551160593099,
    "iou": 0.8007200670565946,
    "aji": 0.603206343940484,
    "pq": 0.5353688944011511,
    "boundary_f1": 0.7231952991938899,
    "nucleus_containment": 0.9708421957556153,
    "neighbor_leakage": 0.010563752354842873
  },
  "ablate_no_shape": {
    "n": 16.0,
    "dice": 0.7819425122182777,
    "iou": 0.6591966912254696,
    "aji": 0.41798500690506984,
    "pq": 0.30882141945021535,
    "boundary_f1": 0.2740169881649991,
    "nucleus_containment": 0.9950477631188137,
    "neighbor_leakage": 0.0068800071560565605
  },
  "ablate_no_neighbor": {
    "n": 16.0,
    "dice": 0.7826968319110952,
    "iou": 0.6599993320442865,
    "aji": 0.4233990865784975,
    "pq": 0.3185411699289513,
    "boundary_f1": 0.2725714021844307,
    "nucleus_containment": 0.9968499713582648,
    "neighbor_leakage": 0.0048799032343262065
  },
  "baseline_dilation": {
    "n": 16.0,
    "dice": 0.820998154059962,
    "iou": 0.7054905767328388,
    "aji": 0.48216209996050097,
    "pq": 0.3662869694636718,
    "boundary_f1": 0.28801441941882766,
    "nucleus_containment": 1.0,
    "neighbor_leakage": 0.0
  },
  "baseline_voronoi": {
    "n": 16.0,
    "dice": 0.7711531213871747,
    "iou": 0.648588414996512,
    "aji": 0.42679148153486235,
    "pq": 0.3408188986369268,
    "boundary_f1": 0.2755680519334154,
    "nucleus_containment": 1.0,
    "neighbor_leakage": 0.0
  },
  "baseline_watershed": {
    "n": 16.0,
    "dice": 0.7739096005562658,
    "iou": 0.6513027181658768,
    "aji": 0.36186120690196144,
    "pq": 0.28534543182865657,
    "boundary_f1": 0.2743714991653643,
    "nucleus_containment": 1.0,
    "neighbor_leakage": 0.0
  }
}