{
  "loss_mask_only": {
    "n": 16.0,
    "dice": 0.8812536158020298,
    "iou": 0.7970532345888341,
    "aji": 0.596795851580809,
    "pq": 0.5267932876272782,
    "boundary_f1": 0.7054030841513181,
    "nucleus_containment": 0.9921546444498075,
    "neighbor_leakage": 0.012328743153482678
  },
  "loss_mask_radius": {
    "n": 16.0,
    "dice": 0.775756759110793,
    "iou": 0.6529738928570479,
    "aji": 0.43406025988056063,
    "pq": 0.34300314819416666,
    "boundary_f1": 0.2740210534635281,
    "nucleus_containment": 0.9905602622559764,
    "neighbor_leakage": 0.012101903563763368
  },
  "loss_mask_radius_conf": {
    "n": 16.0,
    "dice": 0.7758368085149259,
    "iou": 0.6530510742564055,
    "aji": 0.4343690335577045,
    "pq": 0.3413138136155779,
    "boundary_f1": 0.27400089781632025,
    "nucleus_containment": 0.9879995651476108,
    "neighbor_leakage": 0.014371480962776441
  },
  "loss_mask_radius_conf_smooth": {
    "n": 16.0,
    "dice": 0.7758296000149951,
    "iou": 0.6530426193179644,
    "aji": 0.43405538764026524,
    "pq": 0.34190669232486404,
    "boundary_f1": 0.27399528247980226,
    "nucleus_containment": 0.9880575329630975,
    "neighbor_leakage": 0.014279260503032413
  },
  "nuring_full": {
    "n": 16.0,
    "dice": 0.7757301447963878,
    "iou": 0.6529448243051968,
    "aji": 0.43399453091234635,
    "pq": 0.34194748479399695,
    "boundary_f1": 0.2740139078701557,
    "nucleus_containment": 0.9911929502836779,
    "neighbor_leakage": 0.010767502779348306
  },
  "fusion_mask_only": {
    "n": 16.0,
    "dice": 0.8819940739457847,
    "iou": 0.7980580101826846,
    "aji": 0.5949474036841832,
    "pq": 0.5246012107554587,
    "boundary_f1": 0.7035049332140714,
    "nucleus_containment": 0.994050048874464,
    "neighbor_leakage": 0.009745237789327137,
    "median_nn_distance": 13.377799928188324
  },
  "fusion_mask_radius_average": {
    "n": 16.0,
    "dice": 0.7756721017402586,
    "iou": 0.6528903993244765,
    "aji": 0.4338961362056263,
    "pq": 0.34295214871438606,
    "boundary_f1": 0.2740184248979134,
    "nucleus_containment": 0.9924773090509089,
    "neighbor_leakage": 0.009670857521812288,
    "median_nn_distance": 13.377799928188324
  },
  "fusion_confidence_fusion": {
    "n": 16.0,
    "dice": 0.7757301447963878,
    "iou": 0.6529448243051968,
    "aji": 0.43399453091234635,
    "pq": 0.34194748479399695,
    "boundary_f1": 0.2740139078701557,
    "nucleus_containment": 0.9911929502836779,
    "neighbor_leakage": 0.010767502779348306,
    "median_nn_distance": 13.377799928188324
  },
  "baseline_dilation": {
    "n": 16.0,
    "dice": 0.820998154059962,
    "iou": 0.7054905767328388,
    "aji": 0.48216209996050097,
    "pq": 0.3662869694636718,
    "boundary_f1": 0.28801441941882766,
    "nucleus_containment": 1.0,
    "neighbor_leakage": 0.0
  },
  "baseline_voronoi": {
    "n": 16.0,
    "dice": 0.7711531213871747,
    "iou": 0.648588414996512,
    "aji": 0.42679148153486235,
    "pq": 0.3408188986369268,
    "boundary_f1": 0.2755680519334154,
    "nucleus_containment": 1.0,
    "neighbor_leakage": 0.0
  },
  "baseline_watershed": {
    "n": 16.0,
    "dice": 0.7739096005562658,
    "iou": 0.6513027181658768,
    "aji": 0.36186120690196144,
    "pq": 0.28534543182865657,
    "boundary_f1": 0.2743714991653643,
    "nucleus_containment": 1.0,
    "neighbor_leakage": 0.0
  }
}